,Title,Year,Genre,IMDB_Score,Metascore,Votes,US_Gross
0,Star Wars: Episode VII - The Force Awakens,2015,"Action, Adventure, Fantasy",8,81,775918,936662225
1,Avatar,2009,"Action, Adventure, Fantasy",7.8,83,1032375,936662225
2,Black Panther,2018,"Action, Adventure, Sci-Fi",7.3,88,484618,936662225
3,Avengers: Infinity War,2018,"Action, Adventure, Sci-Fi",8.5,68,609291,936662225
4,Jurassic World,2015,"Action, Adventure, Sci-Fi",7,59,532709,936662225
5,The Avengers,2012,"Action, Adventure, Sci-Fi",8.1,69,1158363,936662225
6,Star Wars: Episode VIII - The Last Jedi,2017,"Action, Adventure, Fantasy",7.2,85,450825,936662225
7,Incredibles 2,2018,"Animation, Action, Adventure",7.7,80,189268,936662225
8,Rogue One,2016,"Action, Adventure, Sci-Fi",7.8,65,468870,936662225
9,Beauty and the Beast,2017,"Family, Fantasy, Musical",7.2,65,232129,936662225
10,Finding Dory,2016,"Animation, Adventure, Comedy",7.3,77,209779,936662225
11,Avengers: Age of Ultron,2015,"Action, Adventure, Sci-Fi",7.4,66,638954,936662225
12,The Dark Knight Rises,2012,"Action, Thriller",8.4,78,1369376,936662225
13,The Hunger Games: Catching Fire,2013,"Action, Adventure, Sci-Fi",7.5,76,570496,936662225
14,Jurassic World: Fallen Kingdom,2018,"Action, Adventure, Sci-Fi",6.2,51,206471,936662225
15,Toy Story 3,2010,"Animation, Adventure, Comedy",8.3,92,671569,936662225
16,Wonder Woman,2017,"Action, Adventure, Fantasy",7.5,76,473473,936662225
17,Iron Man Three,2013,"Action, Adventure, Sci-Fi",7.2,62,675338,936662225
18,Captain America: Civil War,2016,"Action, Adventure, Sci-Fi",7.8,75,559168,936662225
19,The Hunger Games,2012,"Action, Adventure, Sci-Fi",7.2,68,789407,936662225
20,Jumanji: Welcome to the Jungle,2017,"Action, Adventure, Comedy",7,58,234791,936662225
21,Transformers: Revenge of the Fallen,2009,"Action, Adventure, Sci-Fi",6,35,362257,936662225
22,Frozen,2013,"Animation, Adventure, Comedy",7.5,74,510950,936662225
23,Guardians of the Galaxy Vol. 2,2017,"Action, Adventure, Comedy",7.7,67,456692,936662225
24,Harry Potter and the Deathly Hallows: Part 2,2011,"Adventure, Drama, Fantasy",8.1,87,682669,936662225
25,The Secret Life of Pets,2016,"Animation, Adventure, Comedy",6.5,61,158534,936662225
26,Despicable Me 2,2013,"Animation, Adventure, Comedy",7.4,62,340528,936662225
27,The Jungle Book,2016,"Adventure, Drama, Family",7.4,77,238375,936662225
28,Deadpool,2016,"Action, Adventure, Comedy",8,65,805202,936662225
29,Inside Out,2015,"Animation, Adventure, Comedy",8.2,94,526058,936662225
30,Furious 7,2015,"Action, Crime, Thriller",7.2,67,332098,936662225
31,Transformers: Dark of the Moon,2011,"Action, Adventure, Sci-Fi",6.3,42,363695,936662225
32,American Sniper,2014,"Action, Biography, Drama",7.3,72,397605,936662225
33,Zootopia,2016,"Animation, Adventure, Comedy",8,78,375833,936662225
34,The Hunger Games: Mockingjay - Part 1,2014,"Action, Adventure, Sci-Fi",6.7,64,374507,936662225
35,Minions,2015,"Animation, Action, Adventure",6.4,56,191109,936662225
36,Aquaman,2018,"Action, Adventure, Fantasy",7.2,55,210821,936662225
37,Spider-Man: Homecoming,2017,"Action, Adventure, Sci-Fi",7.5,73,401293,936662225
38,Alice in Wonderland,2010,"Adventure, Family, Fantasy",6.5,53,355315,936662225
39,Guardians of the Galaxy,2014,"Action, Adventure, Comedy",8.1,76,921329,936662225
40,Batman v Superman: Dawn of Justice,2016,"Action, Adventure, Fantasy",6.5,44,568256,936662225
41,It,2017,"Horror, Thriller",7.4,69,343982,936662225
42,Suicide Squad,2016,"Action, Adventure, Fantasy",6.1,40,521890,936662225
43,Deadpool 2,2018,"Action, Adventure, Comedy",7.8,66,365627,936662225
44,Thor: Ragnarok,2017,"Action, Adventure, Comedy",7.9,74,447007,936662225
45,Iron Man 2,2010,"Action, Adventure, Sci-Fi",7,57,640701,936662225
46,Skyfall,2012,"Action, Adventure, Thriller",7.8,81,588069,936662225
47,The Hobbit: An Unexpected Journey,2012,"Adventure, Family, Fantasy",7.9,58,715079,936662225
48,Harry Potter and the Half-Blood Prince,2009,"Adventure, Family, Fantasy",7.6,78,412448,936662225
49,The Twilight Saga: Eclipse,2010,"Adventure, Drama, Fantasy",5,58,209691,936662225
50,The Twilight Saga: New Moon,2009,"Adventure, Drama, Fantasy",4.7,44,246587,936662225
51,Harry Potter and the Deathly Hallows: Part 1,2010,"Adventure, Fantasy, Mystery",7.7,65,418952,936662225
52,Up,2009,"Animation, Adventure, Comedy",8.3,88,832824,936662225
53,Inception,2010,"Action, Adventure, Sci-Fi",8.8,74,1812491,936662225
54,The Twilight Saga: Breaking Dawn - Part 2,2012,"Adventure, Drama, Fantasy",5.5,52,213065,936662225
55,Man of Steel,2013,"Action, Adventure, Sci-Fi",7.1,55,639940,936662225
56,The Hunger Games: Mockingjay - Part 2,2015,"Action, Adventure, Sci-Fi",6.6,65,247661,936662225
57,The Twilight Saga: Breaking Dawn - Part 1,2011,"Adventure, Drama, Fantasy",4.9,45,206457,936662225
58,The Hangover,2009,Comedy,7.7,73,663903,936662225
59,Gravity,2013,"Drama, Sci-Fi, Thriller",7.7,96,701279,936662225
60,The Grinch,2018,"Animation, Comedy, Family",6.3,51,26884,936662225
61,Sing,2016,"Animation, Comedy, Family",7.1,59,113182,936662225
62,Monsters University,2013,"Animation, Adventure, Comedy",7.3,65,288243,936662225
63,Despicable Me 3,2017,"Animation, Action, Adventure",6.3,49,89080,936662225
64,The Amazing Spider-Man,2012,"Action, Adventure, Sci-Fi",7,66,519636,936662225
65,Captain America: The Winter Soldier,2014,"Action, Adventure, Sci-Fi",7.8,70,645914,936662225
66,The Hobbit: The Desolation of Smaug,2013,"Adventure, Fantasy",7.8,66,560786,936662225
67,The Lego Movie,2014,"Animation, Action, Adventure",7.8,83,300395,936662225
68,Star Trek,2009,"Action, Adventure, Sci-Fi",8,82,553886,936662225
69,The Blind Side,2009,"Biography, Drama, Sport",7.7,53,264410,936662225
70,The Hobbit: The Battle of the Five Armies,2014,"Adventure, Fantasy",7.4,59,433778,936662225
71,The Hangover Part II,2011,"Comedy, Mystery",6.5,44,429058,936662225
72,Despicable Me,2010,"Animation, Comedy, Family",7.7,72,459557,936662225
73,Moana,2016,"Animation, Adventure, Comedy",7.6,81,219030,936662225
74,Transformers: Age of Extinction,2014,"Action, Adventure, Sci-Fi",5.7,32,281077,936662225
75,Maleficent,2014,"Action, Adventure, Family",7,56,301538,936662225
76,Pirates of the Caribbean: On Stranger Tides,2011,"Action, Adventure, Fantasy",6.6,45,442894,936662225
77,Furious 6,2013,"Action, Crime, Thriller",7.1,61,344006,936662225
78,Shrek Forever After,2010,"Animation, Adventure, Comedy",6.3,58,165210,936662225
79,Brave,2012,"Animation, Adventure, Comedy",7.1,69,334272,936662225
80,Oz the Great and Powerful,2013,"Adventure, Family, Fantasy",6.3,44,191143,936662225
81,Fantastic Beasts and Where to Find Them,2016,"Adventure, Family, Fantasy",7.3,66,357643,936662225
82,X-Men: Days of Future Past,2014,"Action, Adventure, Sci-Fi",8,75,611558,936662225
83,Doctor Strange,2016,"Action, Adventure, Fantasy",7.5,72,491290,936662225
84,Justice League,2017,"Action, Adventure, Fantasy",6.5,45,318866,936662225
85,Star Trek Into Darkness,2013,"Action, Adventure, Sci-Fi",7.7,72,443199,936662225
86,The Martian,2015,"Adventure, Drama, Sci-Fi",8,80,668335,936662225
87,Logan,2017,"Action, Drama, Sci-Fi",8.1,77,543942,936662225
88,The Fate of the Furious,2017,"Action, Crime, Thriller",6.7,56,176105,936662225
89,Big Hero 6,2014,"Animation, Action, Adventure",7.8,74,364696,936662225
90,Mission: Impossible - Fallout,2018,"Action, Adventure, Thriller",7.8,86,221922,936662225
91,Alvin and the Chipmunks: The Squeakquel,2009,"Animation, Comedy, Family",4.5,41,38589,936662225
92,Ted,2012,"Comedy, Fantasy",6.9,62,534070,936662225
93,How to Train Your Dragon,2010,"Animation, Action, Adventure",8.1,74,601788,936662225
94,Ant-Man and the Wasp,2018,"Action, Adventure, Comedy",7.1,70,212329,936662225
95,Madagascar 3: Europe's Most Wanted,2012,"Animation, Adventure, Comedy",6.8,60,144512,936662225
96,Bohemian Rhapsody,2018,"Biography, Drama, Music",8.1,49,310691,936662225
97,A Star Is Born,2018,"Drama, Music, Romance",7.8,88,223620,936662225
98,The Lorax,2012,"Animation, Adventure, Comedy",6.4,46,89270,936662225
99,Solo: A Star Wars Story,2018,"Action, Adventure, Fantasy",7,62,213274,936662225
100,Venom,2018,"Action, Sci-Fi, Thriller",6.8,35,250966,936662225
101,Fast Five,2011,"Action, Crime, Thriller",7.3,66,327143,936662225
102,Coco,2017,"Animation, Adventure, Comedy",8.4,81,263717,936662225
103,Mission: Impossible - Ghost Protocol,2011,"Action, Adventure, Thriller",7.4,73,424282,936662225
104,Sherlock Holmes,2009,"Action, Adventure, Crime",7.6,57,544063,936662225
105,Dawn of the Planet of the Apes,2014,"Action, Adventure, Drama",7.6,79,386559,936662225
106,Thor: The Dark World,2013,"Action, Adventure, Fantasy",7,54,526035,936662225
107,The Amazing Spider-Man 2,2014,"Action, Adventure, Sci-Fi",6.6,53,383303,936662225
108,World War Z,2013,"Action, Adventure, Horror",7,63,547551,936662225
109,Cinderella,2015,"Drama, Family, Fantasy",6.9,67,140142,936662225
110,Ralph Breaks the Internet,2018,"Animation, Adventure, Comedy",7.2,71,71138,936662225
111,Tangled,2010,"Animation, Adventure, Comedy",7.8,71,361474,936662225
112,Godzilla,2014,"Action, Adventure, Sci-Fi",6.4,62,343605,936662225
113,Spectre,2015,"Action, Adventure, Thriller",6.8,60,348920,936662225
114,Monsters vs. Aliens,2009,"Animation, Action, Adventure",6.5,56,134336,936662225
115,Ice Age: Dawn of the Dinosaurs,2009,"Animation, Action, Adventure",7,50,201063,936662225
116,Mission: Impossible - Rogue Nation,2015,"Action, Adventure, Thriller",7.4,75,307487,936662225
117,22 Jump Street,2014,"Action, Comedy, Crime",7,71,315886,936662225
118,Cars 2,2011,"Animation, Adventure, Comedy",6.2,57,136017,936662225
119,Teenage Mutant Ninja Turtles,2014,"Action, Adventure, Comedy",5.8,31,191176,936662225
120,Spider-Man: Into the Spider-Verse,2018,"Animation, Action, Adventure",8.5,87,160318,936662225
121,Wreck-It Ralph,2012,"Animation, Adventure, Comedy",7.7,72,338325,936662225
122,Dunkirk,2017,"Action, Drama, History",7.9,94,454963,936662225
123,A Quiet Place,2018,"Drama, Horror, Mystery",7.6,82,286722,936662225
124,Interstellar,2014,"Adventure, Drama, Sci-Fi",8.6,74,1272163,936662225
125,The Croods,2013,"Animation, Action, Adventure",7.2,55,175230,936662225
126,Sherlock Holmes: A Game of Shadows,2011,"Action, Adventure, Crime",7.5,48,390461,936662225
127,Pitch Perfect 2,2015,"Comedy, Music",6.4,63,129090,936662225
128,The Revenant,2015,"Action, Adventure, Biography",8,76,609352,936662225
129,Lincoln,2012,"Biography, Drama, History",7.4,86,226993,936662225
130,Thor,2011,"Action, Adventure, Fantasy",7,57,665624,936662225
131,Ant-Man,2015,"Action, Adventure, Comedy",7.3,64,481925,936662225
132,X-Men Origins: Wolverine,2009,"Action, Adventure, Sci-Fi",6.6,40,431103,936662225
133,Men in Black 3,2012,"Action, Adventure, Comedy",6.8,58,305894,936662225
134,Home,2015,"Animation, Adventure, Comedy",6.6,55,85118,936662225
135,Night at the Museum: Battle of the Smithsonian,2009,"Adventure, Comedy, Family",6,42,158854,936662225
136,How to Train Your Dragon 2,2014,"Animation, Action, Adventure",7.8,76,272094,936662225
137,Rise of the Planet of the Apes,2011,"Action, Drama, Sci-Fi",7.6,68,469340,936662225
138,Captain America: The First Avenger,2011,"Action, Adventure, Sci-Fi",6.9,66,645876,936662225
139,The Karate Kid,2010,"Action, Drama, Family",6.2,61,144626,936662225
140,Get Out,2017,"Horror, Mystery, Thriller",7.7,84,380378,936662225
141,The Lego Batman Movie,2017,"Animation, Action, Comedy",7.3,75,113611,936662225
142,The Boss Baby,2017,"Animation, Adventure, Comedy",6.3,50,91175,936662225
143,Crazy Rich Asians,2018,"Comedy, Romance",7,74,84875,936662225
144,The Greatest Showman,2017,"Biography, Drama, Musical",7.6,48,193412,936662225
145,Pirates of the Caribbean: Dead Men Tell No Tales,2017,"Action, Adventure, Fantasy",6.6,39,222702,936662225
146,Tron,2010,"Action, Adventure, Fantasy",6.8,49,293851,936662225
147,Mary Poppins Returns,2018,"Comedy, Family, Fantasy",7,66,41061,936662225
148,True Grit,2010,"Adventure, Drama, Western",7.6,80,281311,936662225
149,The Help,2011,Drama,8.1,62,388530,936662225
150,Hotel Transylvania 2,2015,"Animation, Comedy, Family",6.7,44,91116,936662225
151,Hidden Figures,2016,"Biography, Drama, History",7.8,74,167639,936662225
152,Bridesmaids,2011,"Comedy, Romance",6.8,75,247599,936662225
153,Kong: Skull Island,2017,"Action, Adventure, Fantasy",6.6,62,230714,936662225
154,Gone Girl,2014,"Drama, Mystery, Thriller",8.1,79,750747,936662225
155,Hotel Transylvania 3: Summer Vacation,2018,"Animation, Adventure, Comedy",6.3,54,39051,936662225
156,Fifty Shades of Grey,2015,"Drama, Romance, Thriller",4.1,46,276206,936662225
157,2012,2009,"Action, Adventure, Sci-Fi",5.8,49,325101,936662225
158,Kung Fu Panda 2,2011,"Animation, Action, Adventure",7.2,67,225118,936662225
159,The Proposal,2009,"Comedy, Drama, Romance",6.7,48,269696,936662225
160,Clash of the Titans,2010,"Action, Adventure, Fantasy",5.8,39,254203,936662225
161,The SpongeBob Movie: Sponge Out of Water,2015,"Animation, Adventure, Comedy",6,62,42838,936662225
162,Django Unchained,2012,"Drama, Western",8.4,81,1192927,936662225
163,Jason Bourne,2016,"Action, Thriller",6.6,58,188204,936662225
164,Grown Ups,2010,Comedy,6,30,208430,936662225
165,Ice Age: Continental Drift,2012,"Animation, Adventure, Comedy",6.6,49,173287,936662225
166,Straight Outta Compton,2015,"Biography, Drama, History",7.9,72,163638,936662225
167,The Heat,2013,"Action, Comedy, Crime",6.6,60,152447,936662225
168,Fantastic Beasts: The Crimes of Grindelwald,2018,"Adventure, Family, Fantasy",6.7,52,144196,936662225
169,Halloween,2018,"Horror, Thriller",6.7,67,81402,936662225
170,Star Trek Beyond,2016,"Action, Adventure, Sci-Fi",7.1,68,207275,936662225
171,X-Men: Apocalypse,2016,"Action, Adventure, Sci-Fi",7,52,346962,936662225
172,Snow White and the Huntsman,2012,"Action, Adventure, Drama",6.1,57,257110,936662225
173,San Andreas,2015,"Action, Adventure, Drama",6.1,43,190148,936662225
174,Fast & Furious,2009,"Action, Crime, Thriller",6.6,46,240014,936662225
175,Mad Max: Fury Road,2015,"Action, Adventure, Sci-Fi",8.1,90,768429,936662225
176,Trolls,2016,"Animation, Adventure, Comedy",6.5,56,62336,936662225
177,Cars 3,2017,"Animation, Adventure, Comedy",6.8,59,57128,936662225
178,G.I. Joe: The Rise of Cobra,2009,"Action, Adventure, Sci-Fi",5.8,32,190179,936662225
179,La La Land,2016,"Comedy, Drama, Music",8,93,426200,936662225
180,Divergent,2014,"Action, Adventure, Mystery",6.7,48,396301,936662225
181,We're the Millers,2013,"Comedy, Crime",7,44,368440,936662225
182,Daddy's Home,2015,Comedy,6.2,42,95327,936662225
183,Neighbors,2014,Comedy,6.3,68,263408,936662225
184,American Hustle,2013,"Crime, Drama",7.2,90,414989,936662225
185,Puss in Boots,2011,"Animation, Action, Adventure",6.6,65,132050,936662225
186,Les Misérables,2012,"Drama, History, Musical",7.6,63,283365,936662225
187,Megamind,2010,"Animation, Action, Comedy",7.3,63,205165,936662225
188,Little Fockers,2010,"Comedy, Romance",5.5,27,98374,936662225
189,Hotel Transylvania,2012,"Animation, Comedy, Family",7.1,47,202341,936662225
190,War for the Planet of the Apes,2017,"Action, Adventure, Drama",7.5,82,197198,936662225
191,X: First Class,2011,"Action, Adventure, Sci-Fi",7.7,65,601661,936662225
192,The Meg,2018,"Action, Horror, Sci-Fi",5.7,46,102230,936662225
193,The Great Gatsby,2013,"Drama, Romance",7.3,55,427510,936662225
194,Rio,2011,"Animation, Adventure, Comedy",6.9,63,189848,936662225
195,Kung Fu Panda 3,2016,"Animation, Action, Adventure",7.1,66,113531,936662225
196,The Smurfs,2011,"Animation, Adventure, Comedy",5.5,30,76803,936662225
197,Taken 2,2012,"Action, Thriller",6.3,45,271021,936662225
198,Ocean's 8,2018,"Action, Comedy, Crime",6.2,61,134403,936662225
199,The King's Speech,2010,"Biography, Drama, History",8,88,588213,936662225
200,21 Jump Street,2012,"Action, Comedy, Crime",7.2,69,473512,936662225
201,Split,2016,"Horror, Thriller",7.3,62,341318,936662225
202,A Christmas Carol,2009,"Animation, Drama, Family",6.8,55,91064,936662225
203,Ready Player One,2018,"Action, Adventure, Sci-Fi",7.5,64,289104,936662225
204,The Conjuring,2013,"Horror, Mystery, Thriller",7.5,68,389960,936662225
205,Argo,2012,"Biography, Drama, Thriller",7.7,86,530334,936662225
206,Ride Along,2014,"Action, Comedy, Crime",6.2,41,93379,936662225
207,Identity Thief,2013,"Adventure, Comedy, Crime",5.7,35,114321,936662225
208,Grown Ups 2,2013,Comedy,5.4,19,127142,936662225
209,Angels & Demons,2009,"Mystery, Thriller",6.7,48,250104,936662225
210,Alvin and the Chipmunks: Chipwrecked,2011,"Animation, Adventure, Comedy",4.4,24,27736,936662225
211,The Wolverine,2013,"Action, Adventure, Sci-Fi",6.7,61,395729,936662225
212,Wonder,2017,"Drama, Family",8,66,107957,936662225
213,Silver Linings Playbook,2012,"Comedy, Drama, Romance",7.7,81,616768,936662225
214,The Last Airbender,2010,"Action, Adventure, Family",4.1,20,136572,936662225
215,Rio 2,2014,"Animation, Adventure, Comedy",6.3,49,71248,936662225
216,Insurgent,2015,"Action, Adventure, Sci-Fi",6.2,42,197255,936662225
217,The Peanuts Movie,2015,"Animation, Comedy, Drama",7.1,67,38807,936662225
218,Transformers: The Last Knight,2017,"Action, Adventure, Sci-Fi",5.2,27,115687,936662225
219,Ghostbusters,2016,"Action, Comedy, Fantasy",5.2,60,184580,936662225
220,Kingsman: The Secret Service,2014,"Action, Adventure, Comedy",7.7,60,537150,936662225
221,Shutter Island,2010,"Mystery, Thriller",8.1,63,991173,936662225
222,Into the Woods,2014,"Adventure, Comedy, Drama",6,69,122487,936662225
223,Central Intelligence,2016,"Action, Comedy, Crime",6.3,52,135499,936662225
224,Anchorman 2: The Legend Continues,2013,Comedy,6.3,61,154589,936662225
225,Bumblebee,2018,"Action, Adventure, Sci-Fi",7,66,65760,936662225
226,Super 8,2011,"Mystery, Sci-Fi, Thriller",7,72,318626,936662225
227,Lucy,2014,"Action, Sci-Fi, Thriller",6.4,61,398333,936662225
228,The Legend of Tarzan,2016,"Action, Adventure, Drama",6.3,44,148126,936662225
229,Prometheus,2012,"Adventure, Mystery, Sci-Fi",7,64,534939,936662225
230,Safe House,2012,"Action, Adventure, Crime",6.8,52,191090,936662225
231,Terminator Salvation,2009,"Action, Adventure, Sci-Fi",6.6,49,317885,936662225
232,Lone Survivor,2013,"Action, Biography, Drama",7.5,60,244398,936662225
233,Sully,2016,"Biography, Drama",7.5,74,198684,936662225
234,The Vow,2012,"Drama, Romance",6.8,43,171981,936662225
235,Life of Pi,2012,"Adventure, Drama, Fantasy",7.9,79,529158,936662225
236,The Fault in Our Stars,2014,"Drama, Romance",7.7,69,311277,936662225
237,Cloudy with a Chance of Meatballs,2009,"Animation, Action, Adventure",7,66,183930,936662225
238,Rango,2011,"Animation, Adventure, Comedy",7.2,75,213645,936662225
239,The Good Dinosaur,2015,"Animation, Adventure, Comedy",6.7,66,90436,936662225
240,G.I. Joe: Retaliation,2013,"Action, Adventure, Sci-Fi",5.8,41,164670,936662225
241,Mamma Mia! Here We Go Again,2018,"Comedy, Musical, Romance",6.8,60,54903,936662225
242,Inglourious Basterds,2009,"Adventure, Drama, War",8.3,69,1103144,936662225
243,Cloudy with a Chance of Meatballs 2,2013,"Animation, Action, Adventure",6.4,59,79855,936662225
244,G-Force,2009,"Animation, Action, Adventure",5.1,41,38689,936662225
245,The Other Guys,2010,"Action, Comedy, Crime",6.7,64,219495,936662225
246,Salt,2010,"Action, Mystery, Thriller",6.4,65,275423,936662225
247,Now You See Me,2013,"Crime, Mystery, Thriller",7.3,50,547421,936662225
248,Horrible Bosses,2011,"Comedy, Crime",6.9,57,396037,936662225
249,The Nun,2018,"Horror, Mystery, Thriller",5.4,46,81934,936662225
250,The Wolf of Wall Street,2013,"Biography, Crime, Drama",8.2,75,1018558,936662225
251,The Butler,2013,"Biography, Drama",7.2,66,101773,936662225
252,Green Lantern,2011,"Action, Adventure, Sci-Fi",5.5,39,250216,936662225
253,Creed II,2018,"Drama, Sport",7.3,66,60280,936662225
254,District 9,2009,"Action, Sci-Fi, Thriller",7.9,81,599750,936662225
255,Unbroken,2014,"Biography, Drama, Sport",7.2,59,128834,936662225
256,Peter Rabbit,2018,"Animation, Adventure, Comedy",6.6,51,26580,936662225
257,Girls Trip,2017,"Comedy, Drama",6.2,71,28506,936662225
258,Fifty Shades Darker,2017,"Drama, Romance",4.6,33,80020,936662225
259,Night at the Museum: Secret of the Tomb,2014,"Adventure, Comedy, Family",6.2,47,91313,936662225
260,Magic Mike,2012,"Comedy, Drama",6.1,72,123060,936662225
261,Bad Moms,2016,Comedy,6.2,60,99350,936662225
262,The Bourne Legacy,2012,"Action, Adventure, Thriller",6.7,61,266569,936662225
263,It's Complicated,2009,"Comedy, Drama, Romance",6.6,57,79865,936662225
264,The Hangover Part III,2013,"Adventure, Comedy, Crime",5.8,30,267555,936662225
265,Mr. Peabody & Sherman,2014,"Animation, Adventure, Comedy",6.8,59,56703,936662225
266,Spy,2015,"Action, Comedy, Crime",7,75,212085,936662225
267,Valentine's Day,2010,"Comedy, Romance",5.7,34,106470,936662225
268,Trainwreck,2015,"Comedy, Drama, Romance",6.2,75,120741,936662225
269,Creed,2015,"Drama, Sport",7.6,82,220325,936662225
270,Couples Retreat,2009,Comedy,5.5,23,93989,936662225
271,Hop,2011,"Animation, Adventure, Comedy",5.4,41,28306,936662225
272,Baby Driver,2017,"Action, Crime, Drama",7.6,86,351747,936662225
273,Epic,2013,"Animation, Adventure, Family",6.7,52,94747,936662225
274,Watchmen,2009,"Action, Drama, Mystery",7.6,56,450678,936662225
275,Angry Birds,2016,"Animation, Action, Adventure",6.3,43,68630,936662225
276,Captain Phillips,2013,"Biography, Drama, Thriller",7.8,83,383719,936662225
277,Black Swan,2010,"Drama, Thriller",8,79,642550,936662225
278,The Upside,2017,"Comedy, Drama",6.4,46,13039,936662225
279,300: Rise of an Empire,2014,"Action, Fantasy, War",6.2,48,260407,936662225
280,Robin Hood,2010,"Action, Adventure, Drama",6.7,53,237862,936662225
281,Pitch Perfect 3,2017,"Comedy, Music",5.8,40,43397,936662225
282,The Princess and the Frog,2009,"Animation, Adventure, Comedy",7.1,73,107684,936662225
283,The Chronicles of Narnia: The Voyage of the Dawn Treader,2010,"Adventure, Family, Fantasy",6.3,53,127911,936662225
284,Daddy's Home Two,2017,Comedy,6,30,46902,936662225
285,Paranormal Activity 3,2011,"Horror, Mystery, Thriller",5.8,59,85112,936662225
286,Journey 2: The Mysterious Island,2012,"Action, Adventure, Comedy",5.8,41,82514,936662225
287,The Mule,2018,"Crime, Drama, Thriller",7.1,58,32316,936662225
288,Rise of the Guardians,2012,"Animation, Action, Adventure",7.3,57,143893,936662225
289,Independence Day: Resurgence,2016,"Action, Adventure, Sci-Fi",5.2,32,153287,936662225
290,The Expendables,2010,"Action, Adventure, Thriller",6.5,45,305568,936662225
291,Just Go with It,2011,"Comedy, Romance",6.4,33,199012,936662225
292,Murder on the Orient Express,2017,"Crime, Drama, Mystery",6.5,52,174547,936662225
293,The Girl with the Dragon Tattoo,2011,"Crime, Drama, Mystery",7.8,71,384407,936662225
294,The Conjuring 2,2016,"Drama, Horror, Mystery",7.4,65,189729,936662225
295,The Maze Runner,2014,"Action, Mystery, Sci-Fi",6.8,57,382888,936662225
296,Annabelle: Creation,2017,"Horror, Mystery, Thriller",6.5,62,86913,936662225
297,The Equalizer 2,2018,"Action, Crime, Thriller",6.7,50,88387,936662225
298,Bad Grandpa,2013,Comedy,6.5,54,85330,936662225
299,Pacific Rim,2013,"Action, Adventure, Sci-Fi",6.9,65,440049,936662225
300,The Equalizer,2014,"Action, Crime, Thriller",7.2,57,297757,936662225
301,This Is the End,2013,"Comedy, Fantasy",6.6,67,357368,936662225
302,Noah,2014,"Action, Adventure, Drama",5.8,68,227523,936662225
303,Arrival,2016,"Drama, Mystery, Sci-Fi",7.9,81,503523,936662225
304,Due Date,2010,"Adventure, Comedy",6.5,51,301081,936662225
305,A Wrinkle in Time,2018,"Adventure, Family, Fantasy",4.2,53,33723,936662225
306,Fifty Shades Freed,2018,"Drama, Romance, Thriller",4.5,31,42008,936662225
307,Bad Teacher,2011,"Comedy, Romance",5.7,47,179674,936662225
308,Yogi Bear,2010,"Animation, Adventure, Comedy",4.6,35,18783,936662225
309,Cowboys & Aliens,2011,"Action, Sci-Fi, Thriller",6,50,194539,936662225
310,Kingsman: The Golden Circle,2017,"Action, Adventure, Comedy",6.8,44,223761,936662225
311,Edge of Tomorrow,2014,"Action, Sci-Fi",7.9,71,539914,936662225
312,Passengers,2016,"Drama, Romance, Sci-Fi",7,41,304626,936662225
313,Gnomeo & Juliet,2011,"Animation, Adventure, Comedy",6,53,49133,936662225
314,Rampage,2018,"Action, Adventure, Sci-Fi",6.1,45,110405,936662225
315,Christopher Robin,2018,"Animation, Adventure, Comedy",7.4,60,46963,936662225
316,Olympus Has Fallen,2013,"Action, Thriller",6.5,41,233243,936662225
317,The Green Hornet,2011,"Action, Comedy, Crime",5.8,39,147780,936662225
318,Date Night,2010,"Comedy, Crime, Romance",6.3,56,143633,936662225
319,Sausage Party,2016,"Animation, Adventure, Comedy",6.2,66,156860,936662225
320,Public Enemies,2009,"Biography, Crime, Drama",7,70,259755,936662225
321,The Social Network,2010,"Biography, Drama",7.7,95,563755,936662225
322,Zero Dark Thirty,2012,"Drama, Thriller",7.4,95,248522,936662225
323,Sex and the City 2,2010,"Comedy, Drama, Romance",4.4,27,68539,936662225
324,42,2013,"Biography, Drama, Sport",7.5,62,76826,936662225
325,The Book of Eli,2010,"Action, Adventure, Drama",6.9,53,268547,936662225
326,Julie & Julia,2009,"Biography, Drama, Romance",7,66,95447,936662225
327,He's Just Not That Into You,2009,"Comedy, Drama, Romance",6.4,47,148743,936662225
328,Flight,2012,"Drama, Thriller",7.3,76,300463,936662225
329,The Fighter,2010,"Biography, Drama, Sport",7.8,79,314131,936662225
330,Tomorrowland,2015,"Action, Adventure, Family",6.4,60,160077,936662225
331,The Magnificent Seven,2016,"Action, Adventure, Western",6.9,54,166204,936662225
332,Elysium,2013,"Action, Drama, Sci-Fi",6.6,61,392119,936662225
333,The Town,2010,"Crime, Drama, Thriller",7.6,74,319824,936662225
334,Non-Stop,2014,"Action, Mystery, Thriller",7,56,232829,936662225
335,Blade Runner 2049,2017,"Drama, Mystery, Sci-Fi",8,81,367599,936662225
336,John Wick: Chapter 2,2017,"Action, Crime, Thriller",7.5,75,265565,936662225
337,Think Like a Man,2012,"Comedy, Romance",6.6,51,40718,936662225
338,Heaven Is for Real,2014,"Biography, Drama, Family",5.8,47,24011,936662225
339,The Imitation Game,2014,"Biography, Drama, Thriller",8,73,611408,936662225
340,Ride Along 2,2016,"Action, Comedy",5.9,32,47869,936662225
341,Prince of Persia: The Sands of Time,2010,"Action, Adventure, Fantasy",6.6,50,252430,936662225
342,Madea Goes to Jail,2009,"Comedy, Crime, Drama",4.4,50,10785,936662225
343,Get Hard,2015,"Comedy, Crime",6,34,109808,936662225
344,RED,2010,"Action, Comedy, Crime",7.1,60,269603,936662225
345,Planes,2013,"Animation, Adventure, Comedy",5.7,39,39615,936662225
346,Terminator Genisys,2015,"Action, Adventure, Sci-Fi",6.4,38,231126,936662225
347,The Lone Ranger,2013,"Action, Adventure, Western",6.4,37,207292,936662225
348,Taken 3,2014,"Action, Thriller",6,26,163317,936662225
349,Don't Breathe,2016,"Crime, Horror, Thriller",7.1,71,182799,936662225
350,Oblivion,2013,"Action, Adventure, Sci-Fi",7,54,448912,936662225
351,The Ugly Truth,2009,"Comedy, Romance",6.5,28,188354,936662225
352,Percy Jackson & the Olympians: The Lightning Thief,2010,"Adventure, Family, Fantasy",5.9,47,163655,936662225
353,The Muppets,2011,"Adventure, Comedy, Family",7.1,75,82323,936662225
354,Miss Peregrine's Home for Peculiar Children,2016,"Adventure, Drama, Fantasy",6.7,57,138576,936662225
355,Sisters,2015,Comedy,6,58,58291,936662225
356,The Campaign,2012,Comedy,6.1,50,118120,936662225
357,The Accountant,2016,"Action, Crime, Drama",7.3,51,229829,936662225
358,Dumb and Dumber To,2014,"Adventure, Comedy",5.6,36,117335,936662225
359,The Emoji Movie,2017,"Animation, Adventure, Comedy",3.2,12,46004,936662225
360,Annie,2014,"Comedy, Drama, Family",5.3,33,30900,936662225
361,Alvin and the Chipmunks: The Road Chip,2015,"Animation, Adventure, Comedy",5.1,33,14178,936662225
362,Fury,2014,"Action, Drama, War",7.6,64,377354,936662225
363,Real Steel,2011,"Action, Drama, Family",7.1,56,281985,936662225
364,Power Rangers,2017,"Action, Adventure, Sci-Fi",6,44,90215,936662225
365,The Expendables 2,2012,"Action, Adventure, Thriller",6.6,51,275639,936662225
366,Paranormal Activity 2,2010,Horror,5.7,53,92423,936662225
367,Tammy,2014,"Comedy, Romance",4.9,39,43914,936662225
368,Ferdinand,2017,"Animation, Adventure, Comedy",6.7,58,38883,936662225
369,"Crazy, Stupid, Love.",2011,"Comedy, Drama, Romance",7.4,68,433674,936662225
370,Annabelle,2014,"Horror, Mystery, Thriller",5.4,37,119252,936662225
371,Green Book,2018,"Biography, Comedy, Drama",8.3,69,158162,936662225
372,The Other Woman,2014,"Comedy, Romance",6,39,121801,936662225
373,Up in the Air,2009,"Comedy, Drama, Romance",7.4,83,299068,936662225
374,Wrath of the Titans,2012,"Action, Adventure, Fantasy",5.7,37,170893,936662225
375,Insidious: Chapter 2,2013,"Horror, Mystery, Thriller",6.6,40,139156,936662225
376,Battle Los Angeles,2011,"Action, Sci-Fi",5.8,37,166198,936662225
377,Immortals,2011,"Action, Drama, Fantasy",6,46,152075,936662225
378,I Can Only Imagine,2018,"Biography, Drama, Family",7.4,30,10720,936662225
379,Penguins of Madagascar,2014,"Animation, Adventure, Comedy",6.7,53,71824,936662225
380,Saving Mr. Banks,2013,"Biography, Comedy, Drama",7.5,65,138845,936662225
381,Smallfoot,2018,"Animation, Adventure, Comedy",6.7,60,20840,936662225
382,Turbo,2013,"Animation, Adventure, Comedy",6.4,58,73597,936662225
383,The Descendants,2011,"Comedy, Drama",7.3,84,222521,936662225
384,Let's Be Cops,2014,"Comedy, Crime",6.4,30,120872,936662225
385,Teenage Mutant Ninja Turtles: Out of the Shadows,2016,"Action, Adventure, Comedy",6,40,76249,936662225
386,The Post,2017,"Biography, Drama, History",7.2,83,104750,936662225
387,Maze Runner: The Scorch Trials,2015,"Action, Sci-Fi, Thriller",6.3,43,198219,936662225
388,Unstoppable,2010,"Action, Thriller",6.8,69,171627,936662225
389,Ted 2,2015,Comedy,6.3,48,163217,936662225
390,Eat Pray Love,2010,"Drama, Romance",5.8,50,76643,936662225
391,Zookeeper,2011,"Comedy, Family, Romance",5.2,30,51921,936662225
392,The Mummy,2017,"Action, Adventure, Fantasy",5.5,34,150158,936662225
393,Goosebumps,2015,"Adventure, Comedy, Family",6.3,60,71641,936662225
394,Jack Reacher,2012,"Action, Crime, Thriller",7,50,281850,936662225
395,Dear John,2010,"Drama, Romance, War",6.3,43,127220,936662225
396,Knowing,2009,"Action, Drama, Mystery",6.2,41,207586,936662225
397,War Horse,2011,"Drama, History, War",7.2,72,135045,936662225
398,Dark Shadows,2012,"Comedy, Fantasy, Horror",6.2,55,227569,936662225
399,Hannah Montana: The Movie,2009,"Comedy, Drama, Family",4.4,47,36545,936662225
400,Limitless,2011,"Mystery, Sci-Fi, Thriller",7.4,59,487725,936662225
401,The Purge: Election Year,2016,"Action, Horror, Sci-Fi",6,55,78891,936662225
402,Pixels,2015,"Action, Comedy, Sci-Fi",5.6,27,118349,936662225
403,Tower Heist,2011,"Action, Comedy, Crime",6.2,59,124306,936662225
404,The Monuments Men,2014,"Comedy, Drama, History",6.1,52,116790,936662225
405,Americons,2017,"Action, Biography, Crime",4,25,186,936662225
406,The Adventures of Tintin,2011,"Animation, Action, Adventure",7.3,68,200917,936662225
407,Night School,2018,Comedy,5.6,43,20204,936662225
408,Parental Guidance,2012,"Comedy, Family",6.1,36,23593,936662225
409,Where the Wild Things Are,2009,"Adventure, Drama, Family",6.8,71,96011,936662225
410,The A-Team,2010,"Action, Adventure, Comedy",6.8,47,233850,936662225
411,Alice Through the Looking Glass,2016,"Adventure, Family, Fantasy",6.2,34,78090,936662225
412,Knight and Day,2010,"Action, Adventure, Comedy",6.3,46,168759,936662225
413,Paddington,2014,"Adventure, Comedy, Family",7.2,77,82976,936662225
414,Pete's Dragon,2016,"Action, Adventure, Comedy",6.7,71,48724,936662225
415,The Intern,2015,"Comedy, Drama",7.1,51,189223,936662225
416,Contagion,2011,"Action, Drama, Thriller",6.6,70,200196,936662225
417,We Bought a Zoo,2011,"Comedy, Drama, Family",7.1,58,125825,936662225
418,2 Guns,2013,"Action, Comedy, Crime",6.7,55,180529,936662225
419,Moneyball,2011,"Biography, Drama, Sport",7.6,87,323184,936662225
420,Zombieland,2009,"Adventure, Comedy, Horror",7.6,73,452871,936662225
421,The Hitman's Bodyguard,2017,"Action, Comedy, Thriller",6.9,47,157792,936662225
422,The Girl on the Train,2016,"Crime, Drama, Mystery",6.5,48,148219,936662225
423,Coraline,2009,"Animation, Drama, Fantasy",7.7,80,176927,936662225
424,Alien: Covenant,2017,"Horror, Sci-Fi, Thriller",6.4,65,222184,936662225
425,Jack and Jill,2011,Comedy,3.3,23,70531,936662225
426,Captain Underpants: The First Epic Movie,2017,"Animation, Action, Comedy",6.2,69,21443,936662225
427,Hugo,2011,"Adventure, Drama, Family",7.5,83,282854,936662225
428,Law Abiding Citizen,2009,"Crime, Drama, Thriller",7.4,34,250337,936662225
429,Boo! A Madea Halloween,2016,"Comedy, Drama, Horror",4.6,30,6751,936662225
430,White House Down,2013,"Action, Drama, Thriller",6.4,52,190112,936662225
431,John Carter,2012,"Action, Adventure, Sci-Fi",6.6,51,237415,936662225
432,Hotel for Dogs,2009,"Comedy, Family",5.4,51,19551,936662225
433,Dinner for Schmucks,2010,Comedy,5.9,56,90679,936662225
434,Hercules,2014,"Action, Adventure, Fantasy",6,47,136313,936662225
435,Storks,2016,"Animation, Adventure, Comedy",6.8,56,49668,936662225
436,Bridge of Spies,2015,"Drama, History, Thriller",7.6,81,260129,936662225
437,Dolphin Tale,2011,"Drama, Family",6.9,64,20542,936662225
438,A Bad Moms Christmas,2017,"Adventure, Comedy",5.5,42,32072,936662225
439,The Purge: Anarchy,2014,"Action, Horror, Sci-Fi",6.5,50,124830,936662225
440,10 Cloverfield Lane,2016,"Drama, Horror, Mystery",7.2,76,256869,936662225
441,Mama,2013,"Horror, Thriller",6.2,57,157267,936662225
442,"I Love You, Man",2009,"Comedy, Romance",7,70,184558,936662225
443,Safe Haven,2013,"Drama, Romance, Thriller",6.7,34,95953,936662225
444,Paul Blart: Mall Cop 2,2015,"Action, Comedy, Crime",4.4,13,30414,936662225
445,The Smurfs 2,2013,"Animation, Adventure, Comedy",5.4,34,33800,936662225
446,No Strings Attached,2011,"Comedy, Romance",6.2,50,196009,936662225
447,The Best Man Holiday,2013,"Comedy, Drama",6.7,59,13893,936662225
448,The Big Short,2015,"Biography, Comedy, Drama",7.8,81,303932,936662225
449,Act of Valor,2012,"Action, Adventure, Drama",6.5,40,63540,936662225
450,The First Purge,2018,"Action, Horror, Sci-Fi",5.1,54,38356,936662225
451,Game Night,2018,"Action, Comedy, Crime",7,66,154898,936662225
452,Book Club,2018,"Comedy, Drama, Romance",6.1,53,17004,936662225
453,Percy Jackson: Sea of Monsters,2013,"Adventure, Family, Fantasy",5.8,39,101416,936662225
454,The House with a Clock in Its Walls,2018,"Comedy, Family, Fantasy",6.1,57,29995,936662225
455,Obsessed,2009,"Drama, Romance, Thriller",4.9,25,26653,936662225
456,Mr. Popper's Penguins,2011,"Comedy, Family, Fantasy",6,53,79704,936662225
457,Skyscraper,2018,"Action, Adventure, Thriller",5.8,51,74418,936662225
458,War Room,2015,Drama,6.4,26,11537,936662225
459,The Tourist,2010,"Action, Adventure, Thriller",6,37,204991,936662225
460,This Is 40,2012,"Comedy, Romance",6.2,59,117975,936662225
461,Instant Family,2018,"Comedy, Drama",7.4,57,33771,936662225
462,A Good Day to Die Hard,2013,"Action, Thriller",5.3,28,187036,936662225
463,Insidious: The Last Key,2018,"Horror, Mystery, Thriller",5.7,49,40194,936662225
464,Lights Out,2016,"Drama, Horror, Mystery",6.3,58,98502,936662225
465,Hacksaw Ridge,2016,"Biography, Drama, History",8.1,71,358479,936662225
466,Race to Witch Mountain,2009,"Action, Adventure, Family",5.7,52,50591,936662225
467,The Bounty Hunter,2010,"Action, Comedy, Romance",5.6,22,111467,936662225
468,"Alexander and the Terrible, Horrible, No Good, Very Bad Day",2014,"Comedy, Family",6.2,54,36771,936662225
469,Contraband,2012,"Action, Crime, Drama",6.5,51,111020,936662225
470,Looper,2012,"Action, Crime, Drama",7.4,84,496056,936662225
471,The Final Destination,2009,Horror,5.2,30,88025,936662225
472,Warm Bodies,2013,"Comedy, Horror, Romance",6.9,60,207346,936662225
473,Allegiant,2016,"Action, Adventure, Mystery",5.7,33,93243,936662225
474,Magic Mike XXL,2015,"Comedy, Drama, Music",5.6,60,48063,936662225
475,Madea's Witness Protection,2012,"Comedy, Crime, Drama",5,42,9425,936662225
476,The Taking of Pelham 123,2009,"Action, Crime, Thriller",6.4,55,171735,936662225
477,Battleship,2012,"Action, Adventure, Sci-Fi",5.8,41,224153,936662225
478,The Visit,2015,"Comedy, Horror, Mystery",6.2,55,100958,936662225
479,Jack the Giant Slayer,2013,"Adventure, Fantasy",6.3,51,121888,936662225
480,Think Like a Man Too,2014,"Comedy, Romance",5.8,38,18362,936662225
481,Now You See Me 2,2016,"Action, Adventure, Comedy",6.5,46,211227,936662225
482,Exodus: Gods and Kings,2014,"Action, Adventure, Drama",6,52,149735,936662225
483,Friday the 13th,2009,"Horror, Mystery, Thriller",5.6,34,88061,936662225
484,Pitch Perfect,2012,"Comedy, Music, Romance",7.2,66,254018,936662225
485,Mirror Mirror,2012,"Adventure, Comedy, Drama",5.6,46,78962,936662225
486,Chronicle,2012,"Drama, Sci-Fi, Thriller",7.1,69,227899,936662225
487,A Dog's Purpose,2017,"Adventure, Comedy, Drama",7.1,43,51472,936662225
488,The Purge,2013,"Horror, Thriller",5.7,41,180799,936662225
489,The Wedding Ringer,2015,Comedy,6.7,35,66411,936662225
490,The Nut Job,2014,"Animation, Adventure, Comedy",5.7,37,24362,936662225
491,17 Again,2009,"Comedy, Drama, Fantasy",6.4,48,165607,936662225
492,Ice Age: Collision Course,2016,"Animation, Adventure, Comedy",5.7,34,47617,936662225
493,Happy Feet Two,2011,"Animation, Adventure, Comedy",5.9,50,38005,936662225
494,Diary of a Wimpy Kid,2010,"Comedy, Drama, Family",6.2,56,38144,936662225
495,Last Vegas,2013,"Comedy, Drama",6.6,48,120686,936662225
496,The Shape of Water,2017,"Adventure, Drama, Fantasy",7.3,87,297549,936662225
497,Unknown,2011,"Action, Mystery, Thriller",6.9,56,233790,936662225
498,Hope Springs,2012,"Comedy, Drama, Romance",6.3,65,38446,936662225
499,The Time Traveler's Wife,2009,"Drama, Fantasy, Romance",7.1,47,131640,936662225
500,The Sorcerer's Apprentice,2010,"Action, Adventure, Family",6.1,46,142693,936662225
501,A Nightmare on Elm Street,2010,"Crime, Drama, Horror",5.2,35,84886,936662225
502,The Boss,2016,Comedy,5.4,40,38532,936662225
503,The Last Song,2010,"Drama, Music, Romance",5.9,33,73839,936662225
504,London Has Fallen,2016,"Action, Thriller",5.9,28,122862,936662225
505,Black Mass,2015,"Biography, Crime, Drama",6.9,68,154548,936662225
506,The Adjustment Bureau,2011,"Romance, Sci-Fi, Thriller",7.1,60,225884,936662225
507,Underworld Awakening,2012,"Action, Fantasy, Horror",6.4,39,137317,936662225
508,The Wolfman,2010,"Drama, Fantasy, Horror",5.8,43,97235,936662225
509,Ender's Game,2013,"Action, Adventure, Fantasy",6.6,51,209971,936662225
510,Miracles from Heaven,2016,"Biography, Drama, Family",7.1,44,17152,936662225
511,Deepwater Horizon,2016,"Action, Drama, History",7.1,68,131191,936662225
512,Prisoners,2013,"Crime, Drama, Mystery",8.1,74,518591,936662225
513,Get Him to the Greek,2010,"Adventure, Comedy, Music",6.4,65,160788,936662225
514,God's Not Dead,2014,Drama,4.8,16,37699,936662225
515,After Earth,2013,"Action, Adventure, Sci-Fi",4.8,33,180395,936662225
516,The Lucky One,2012,"Drama, Romance",6.5,39,93406,936662225
517,Why Him?,2016,Comedy,6.2,39,88160,936662225
518,Resident Evil: Afterlife,2010,"Action, Adventure, Horror",5.9,37,152035,936662225
519,Why Did I Get Married Too?,2010,"Comedy, Drama, Romance",4.6,43,8599,936662225
520,Brüno,2009,Comedy,5.8,54,133364,936662225
521,Tooth Fairy,2010,"Comedy, Family, Fantasy",5,36,37391,936662225
522,Blockers,2018,Comedy,6.2,69,53918,936662225
523,Secretariat,2010,"Biography, Drama, Family",7.2,61,24277,936662225
524,Son of God,2014,"Biography, Drama, History",5.8,37,17393,936662225
525,The Dictator,2012,Comedy,6.4,58,248413,936662225
526,My Big Fat Greek Wedding 2,2016,"Comedy, Romance",6,37,25616,936662225
527,The Lego Ninjago Movie,2017,"Animation, Action, Adventure",6,55,18117,936662225
528,Pacific Rim: Uprising,2018,"Action, Adventure, Sci-Fi",5.6,44,85665,936662225
529,Planes: Fire & Rescue,2014,"Animation, Adventure, Comedy",6,48,15122,936662225
530,The Grand Budapest Hotel,2014,"Adventure, Comedy, Crime",8.1,88,625378,936662225
531,Vacation,2015,"Adventure, Comedy",6.1,34,86483,936662225
532,Total Recall,2012,"Action, Adventure, Mystery",6.3,43,226874,936662225
533,Bride Wars,2009,"Comedy, Romance",5.5,24,93588,936662225
534,Water for Elephants,2011,"Drama, Romance",6.9,52,105199,936662225
535,Jack Reacher: Never Go Back,2016,"Action, Thriller",6.1,47,119412,936662225
536,RoboCop,2014,"Action, Crime, Sci-Fi",6.2,52,204316,936662225
537,Easy A,2010,"Comedy, Drama, Romance",7.1,72,326808,936662225
538,The Secret Life of Walter Mitty,2013,"Adventure, Comedy, Drama",7.3,54,273300,936662225
539,Baywatch,2017,"Action, Comedy, Crime",5.6,37,131103,936662225
540,Maze Runner: The Death Cure,2018,"Action, Sci-Fi, Thriller",6.2,50,87523,936662225
541,The Lincoln Lawyer,2011,"Crime, Drama, Thriller",7.3,63,194833,936662225
542,Takers,2010,"Action, Crime, Thriller",6.2,45,52949,936662225
543,Fences,2016,Drama,7.2,79,85026,936662225
544,Tomb Raider,2018,"Action, Adventure, Fantasy",6.3,48,157058,936662225
545,The Shack,2017,"Drama, Fantasy",6.3,32,25322,936662225
546,The Perfect Guy,2015,"Drama, Thriller",5.6,36,8874,936662225
547,Escape from Planet Earth,2013,"Animation, Adventure, Comedy",5.9,35,23140,936662225
548,American Reunion,2012,Comedy,6.7,49,190817,936662225
549,Midnight in Paris,2011,"Comedy, Fantasy, Romance",7.7,81,353174,936662225
550,12 Years a Slave,2013,"Biography, Drama, History",8.1,96,570116,936662225
551,Joy,2015,Drama,6.6,56,116751,936662225
552,Darkest Hour,2017,"Biography, Drama, History",7.4,75,132626,936662225
553,Dracula Untold,2014,"Action, Drama, Fantasy",6.3,40,163153,936662225
554,Me Before You,2016,"Drama, Romance",7.4,51,168229,936662225
555,Fantastic Four,2015,"Action, Adventure, Drama",4.3,27,138592,936662225
556,ParaNorman,2012,"Animation, Adventure, Comedy",7,72,86378,936662225
557,Friends with Benefits,2011,"Comedy, Romance",6.6,63,314604,936662225
558,Free Birds,2013,"Animation, Adventure, Comedy",5.9,38,20763,936662225
559,Hansel & Gretel: Witch Hunters,2013,"Action, Fantasy, Horror",6.1,23,181605,936662225
560,Happy Death Day,2017,"Horror, Mystery, Thriller",6.5,58,81523,936662225
561,Legend of the Guardians: The Owls of Ga'Hoole,2010,"Animation, Action, Adventure",7,53,73339,936662225
562,The BFG,2016,"Adventure, Family, Fantasy",6.4,66,68353,936662225
563,The Haunting in Connecticut,2009,"Drama, Horror, Mystery",5.9,33,56177,936662225
564,Neighbors 2: Sorority Rising,2016,Comedy,5.7,58,100882,936662225
565,Ghosts of Girlfriends Past,2009,"Comedy, Fantasy, Romance",5.8,34,77161,936662225
566,The Shallows,2016,"Drama, Horror, Thriller",6.3,59,104920,936662225
567,I Am Number Four,2011,"Action, Adventure, Sci-Fi",6.1,36,216283,936662225
568,The Nutcracker and the Four Realms,2018,"Adventure, Family, Fantasy",5.5,39,16289,936662225
569,This Means War,2012,"Action, Comedy, Romance",6.3,31,166414,936662225
570,Project X,2012,Comedy,6.7,48,176516,936662225
571,Office Christmas Party,2016,Comedy,5.8,42,58417,936662225
572,Source Code,2011,"Action, Drama, Sci-Fi",7.5,74,448187,936662225
573,Assassin's Creed,2016,"Action, Adventure, Sci-Fi",5.8,36,164376,936662225
574,Tag,2018,Comedy,6.6,56,76421,936662225
575,New Year's Eve,2011,"Comedy, Romance",5.7,22,76212,936662225
576,"Three Billboards Outside Ebbing, Missouri",2017,"Crime, Drama",8.2,88,330832,936662225
577,Horrible Bosses 2,2014,"Comedy, Crime",6.3,40,142796,936662225
578,The Woman in Black,2012,"Drama, Fantasy, Horror",6.4,62,164307,936662225
579,The Hundred-Foot Journey,2014,"Comedy, Drama",7.3,55,68630,936662225
580,Evil Dead,2013,"Fantasy, Horror, Thriller",6.5,57,145179,936662225
581,The Hateful Eight,2015,"Crime, Drama, Mystery",7.8,68,425088,936662225
582,Barbershop: The Next Cut,2016,"Comedy, Drama",5.9,67,13160,936662225
583,Insidious,2010,"Horror, Mystery, Thriller",6.9,52,250629,936662225
584,Paranormal Activity 4,2012,"Horror, Mystery, Thriller",4.6,40,57904,936662225
585,Focus,2015,"Comedy, Crime, Drama",6.6,56,189964,936662225
586,A Simple Favor,2018,"Comedy, Crime, Drama",6.9,67,75435,936662225
587,Life as We Know It,2010,"Comedy, Drama, Romance",6.6,39,111980,936662225
588,Madea's Big Happy Family,2011,"Comedy, Drama",4.7,45,6942,936662225
589,RED 2,2013,"Action, Comedy, Crime",6.6,47,147403,936662225
590,The Devil Inside,2012,Horror,4.2,18,33339,936662225
591,Letters to Juliet,2010,"Adventure, Comedy, Drama",6.6,50,85478,936662225
592,Life of the Party,2018,Comedy,5.5,46,24021,936662225
593,13 Hours,2016,"Action, Drama, History",7.3,48,101901,936662225
594,Diary of a Wimpy Kid: Rodrick Rules,2011,"Comedy, Family",6.6,51,22778,936662225
595,No Good Deed,2014,"Action, Crime, Drama",5.6,26,15764,936662225
596,Wall Street: Money Never Sleeps,2010,Drama,6.2,59,92965,936662225
597,A Madea Christmas,2013,"Comedy, Drama, Romance",4.9,28,5411,936662225
598,Southpaw,2015,"Drama, Sport",7.4,57,197768,936662225
599,Insidious: Chapter 3,2015,"Horror, Mystery, Thriller",6.1,52,81327,936662225
600,Selma,2014,"Biography, Drama, History",7.5,88,76918,936662225
601,Predators,2010,"Action, Adventure, Sci-Fi",6.4,51,197958,936662225
602,Temptation: Confessions of a Marriage Counselor,2013,"Drama, Thriller",5,26,10940,936662225
603,The Call,2013,"Crime, Drama, Horror",6.7,51,102803,936662225
604,Funny People,2009,"Comedy, Drama",6.3,60,108532,936662225
605,The Odd Life of Timothy Green,2012,"Comedy, Drama, Family",6.6,47,42503,936662225
606,Footloose,2011,"Comedy, Drama, Music",5.9,58,42920,936662225
607,Ghost Rider: Spirit of Vengeance,2011,"Action, Fantasy, Thriller",4.3,34,102529,936662225
608,Lion,2016,"Biography, Drama",8.1,69,178018,936662225
609,I Can Do Bad All by Myself,2009,"Comedy, Drama",4.4,55,9160,936662225
610,The Grey,2011,"Action, Adventure, Drama",6.8,64,227329,936662225
611,Atomic Blonde,2017,"Action, Mystery, Thriller",6.7,63,146218,936662225
612,My Bloody Valentine,2009,"Horror, Mystery, Thriller",5.5,51,50625,936662225
613,American Made,2017,"Action, Biography, Comedy",7.2,65,126679,936662225
614,Muppets Most Wanted,2014,"Adventure, Comedy, Crime",6.4,61,28749,936662225
615,The Predator,2018,"Action, Adventure, Sci-Fi",5.4,48,87367,936662225
616,Ouija,2014,"Horror, Mystery, Thriller",4.5,38,43512,936662225
617,The Boxtrolls,2014,"Animation, Adventure, Comedy",6.8,61,50211,936662225
618,The Dark Tower,2017,"Action, Adventure, Fantasy",5.7,34,104100,936662225
619,Jack Ryan: Shadow Recruit,2014,"Action, Drama, Thriller",6.2,57,113860,936662225
620,If I Stay,2014,"Drama, Fantasy, Music",6.8,46,106397,936662225
621,Overboard,2018,"Comedy, Romance",5.9,42,23113,936662225
622,Hot Tub Time Machine,2010,"Comedy, Sci-Fi",6.4,63,153017,936662225
623,The Book of Life,2014,"Animation, Adventure, Comedy",7.3,67,58835,936662225
624,Sicario: Day of the Soldado,2018,"Action, Crime, Drama",7.1,61,87827,936662225
625,Red Tails,2012,"Action, Adventure, Drama",5.9,46,31641,936662225
626,Pain & Gain,2013,"Action, Comedy, Crime",6.4,45,186306,936662225
627,Old Dogs,2009,"Comedy, Family",5.4,19,34330,936662225
628,Land of the Lost,2009,"Action, Adventure, Comedy",5.4,32,60043,936662225
629,My Sister's Keeper,2009,"Drama, Family",7.4,51,84412,936662225
630,The Possession,2012,"Horror, Mystery, Thriller",5.9,45,53284,936662225
631,Diary of a Wimpy Kid: Dog Days,2012,"Comedy, Family",6.3,54,19290,936662225
632,Lady Bird,2017,"Comedy, Drama",7.4,94,171533,936662225
633,I Feel Pretty,2018,"Comedy, Romance",5.4,48,37156,936662225
634,BlacKkKlansman,2018,"Biography, Crime, Drama",7.5,83,130117,936662225
635,About Last Night,2014,"Comedy, Romance",6.1,62,20897,936662225
636,The Dilemma,2011,"Comedy, Drama",5.3,46,47955,936662225
637,The Huntsman: Winter's War,2016,"Action, Adventure, Drama",6.1,35,86269,936662225
638,Sinister,2012,"Horror, Mystery, Thriller",6.8,53,195976,936662225
639,Kick-Ass,2010,"Action, Comedy",7.6,66,493151,936662225
640,Kubo and the Two Strings,2016,"Animation, Action, Adventure",7.8,84,103635,936662225
641,Vice,2018,"Biography, Comedy, Drama",7.2,61,53311,936662225
642,Manchester by the Sea,2016,Drama,7.8,96,210744,936662225
643,Into the Storm,2014,"Action, Thriller",5.8,44,60455,936662225
644,Poltergeist,2015,"Horror, Thriller",4.9,47,51137,936662225
645,Precious,2009,Drama,7.3,79,99429,936662225
646,Jupiter Ascending,2015,"Action, Adventure, Sci-Fi",5.3,40,164996,936662225
647,Savages,2012,"Crime, Drama, Thriller",6.5,59,114831,936662225
648,Warcraft,2016,"Action, Adventure, Fantasy",6.9,32,223006,936662225
649,Boo 2! A Madea Halloween,2017,"Comedy, Drama, Horror",3.8,17,3262,936662225
650,The Judge,2014,"Crime, Drama",7.4,48,160925,936662225
651,Killers,2010,"Action, Comedy, Romance",5.4,21,81715,936662225
652,Jersey Boys,2014,"Biography, Drama, Music",6.8,54,30147,936662225
653,Sicario,2015,"Action, Crime, Drama",7.6,82,323315,936662225
654,Red Sparrow,2018,"Action, Drama, Thriller",6.6,53,131527,936662225
655,How to Be Single,2016,"Comedy, Drama, Romance",6.1,51,73392,936662225
656,Goosebumps 2: Haunted Halloween,2018,"Adventure, Comedy, Family",5.6,53,9770,936662225
657,Arthur Christmas,2011,"Animation, Adventure, Comedy",7.1,69,45100,936662225
658,The Best Exotic Marigold Hotel,2011,"Comedy, Drama, Romance",7.3,62,85172,936662225
659,Breaking In,2018,"Action, Crime, Drama",5.4,42,9252,936662225
660,Blended,2014,"Comedy, Romance",6.5,31,105211,936662225
661,Mike and Dave Need Wedding Dates,2016,"Adventure, Comedy, Romance",6,51,73757,936662225
662,Gangster Squad,2013,"Action, Crime, Drama",6.7,40,194190,936662225
663,Snatched,2017,"Action, Adventure, Comedy",4.5,45,29356,936662225
664,Underworld: Rise of the Lycans,2009,"Action, Adventure, Fantasy",6.6,44,140998,936662225
665,Saw 3D: The Final Chapter,2010,"Crime, Horror, Mystery",5.6,24,82656,936662225
666,The Great Wall,2016,"Action, Adventure, Fantasy",6,42,109381,936662225
667,Moonrise Kingdom,2012,"Adventure, Comedy, Drama",7.8,84,288940,936662225
668,12 Strong,2018,"Action, Drama, History",6.6,54,47691,936662225
669,The Man from U.N.C.L.E.,2015,"Action, Adventure, Comedy",7.3,56,237509,936662225
670,Here Comes the Boom,2012,"Action, Comedy, Sport",6.4,40,81270,936662225
671,The Giver,2014,"Drama, Romance, Sci-Fi",6.5,47,104045,936662225
672,Hall Pass,2011,"Comedy, Romance",5.9,45,113078,936662225
673,Spotlight,2015,"Crime, Drama",8.1,93,358678,936662225
674,Smurfs: The Lost Village,2017,"Animation, Adventure, Comedy",6,40,15136,936662225
675,Going in Style,2017,"Comedy, Crime",6.6,50,64502,936662225
676,Den of Thieves,2018,"Action, Crime, Drama",7,49,66431,936662225
677,First Man,2018,"Biography, Drama, History",7.4,84,108845,936662225
678,All Eyez on Me,2017,"Biography, Drama, Music",5.8,38,18155,936662225
679,xXx: Return of Xander Cage,2017,"Action, Adventure, Thriller",5.2,42,76813,936662225
680,Cop Out,2010,"Action, Comedy, Crime",5.6,31,81208,936662225
681,Red Dawn,2012,"Action, Sci-Fi, Thriller",5.4,31,69064,936662225
682,The Internship,2013,Comedy,6.3,42,178710,936662225
683,The Artist,2011,"Comedy, Drama, Romance",7.9,89,215960,936662225
684,"McFarland, USA",2015,"Biography, Drama, Sport",7.4,60,31332,936662225
685,Instructions Not Included,2013,"Comedy, Drama",7.6,55,26566,936662225
686,The Three Stooges,2012,"Comedy, Family",5.1,56,28340,936662225
687,47 Meters Down,2017,"Adventure, Drama, Horror",5.6,52,37900,936662225
688,Confessions of a Shopaholic,2009,"Comedy, Family, Romance",5.9,38,70393,936662225
689,St. Vincent,2014,"Comedy, Drama",7.3,64,88802,936662225
690,Hereditary,2018,"Drama, Horror, Mystery",7.3,87,139664,936662225
691,Soul Surfer,2011,"Biography, Drama, Family",7.1,53,41249,936662225
692,The Lovely Bones,2009,"Drama, Fantasy, Thriller",6.7,42,144383,936662225
693,The Gift,2015,"Drama, Mystery, Thriller",7.1,77,122254,936662225
694,Cats & Dogs: The Revenge of Kitty Galore,2010,"Action, Comedy, Family",4.3,30,12469,936662225
695,Need for Speed,2014,"Action, Crime, Thriller",6.5,39,153846,936662225
696,Acrimony,2018,"Drama, Romance, Thriller",5.7,32,5374,936662225
697,Everest,2015,"Action, Adventure, Biography",7.1,64,179395,936662225
698,Year One,2009,"Adventure, Comedy",4.9,34,85433,936662225
699,Edge of Darkness,2010,"Crime, Drama, Mystery",6.6,55,84198,936662225
700,Sherlock Gnomes,2018,"Animation, Adventure, Comedy",5.1,36,7543,936662225
701,A Million Ways to Die in the West,2014,"Comedy, Western",6.1,44,159217,936662225
702,John Wick,2014,"Action, Crime, Thriller",7.3,68,423455,936662225
703,The Night Before,2015,"Adventure, Comedy, Fantasy",6.4,58,57857,936662225
704,War Dogs,2016,"Comedy, Crime, Drama",7.1,57,151076,936662225
705,Snitch,2013,"Action, Drama, Thriller",6.5,51,77444,936662225
706,The Big Sick,2017,"Comedy, Drama, Romance",7.6,86,101935,936662225
707,Gulliver's Travels,2010,"Adventure, Comedy, Family",4.9,33,60586,936662225
708,Death at a Funeral,2010,Comedy,5.7,51,41496,936662225
709,The Unborn,2009,"Drama, Horror, Mystery",4.8,30,46568,936662225
710,Max,2015,"Adventure, Drama, Family",6.8,47,23807,936662225
711,Krampus,2015,"Comedy, Fantasy, Horror",6.2,49,54883,936662225
712,Final Destination 5,2011,Horror,5.9,50,97040,936662225
713,The Age of Adaline,2015,"Drama, Fantasy, Romance",7.2,51,137028,936662225
714,Uncle Drew,2018,"Comedy, Sport",5.7,57,8930,936662225
715,Widows,2018,"Crime, Drama, Thriller",7,84,53471,936662225
716,Step Up 3D,2010,"Drama, Music, Romance",6.2,45,52768,936662225
717,Resident Evil: Retribution,2012,"Action, Horror, Sci-Fi",5.4,39,124200,936662225
718,Birdman or (The Unexpected Virtue of Ignorance),2014,"Comedy, Drama",7.7,88,512159,936662225
719,Drag Me to Hell,2009,"Horror, Thriller",6.6,83,175958,936662225
720,Planet 51,2009,"Animation, Adventure, Comedy",6.1,39,46950,936662225
721,The Cabin in the Woods,2011,"Comedy, Horror",7,72,334641,936662225
722,Riddick,2013,"Action, Adventure, Crime",6.4,49,143657,936662225
723,Dolphin Tale 2,2014,"Drama, Family",6.4,58,7457,936662225
724,Almost Christmas,2016,"Comedy, Drama",6.1,55,5153,936662225
725,Orphan,2009,"Horror, Mystery, Thriller",7,42,173389,936662225
726,Valerian and the City of a Thousand Planets,2017,"Action, Adventure, Fantasy",6.5,51,136629,936662225
727,What to Expect When You're Expecting,2012,"Comedy, Drama, Romance",5.7,41,65405,936662225
728,The Last Exorcism,2010,"Drama, Horror, Thriller",5.6,63,45602,936662225
729,Money Monster,2016,"Crime, Drama, Thriller",6.5,55,85314,936662225
730,End of Watch,2012,"Action, Crime, Drama",7.6,68,209638,936662225
731,The Ides of March,2011,"Drama, Thriller",7.1,67,206515,936662225
732,The Star,2017,"Animation, Adventure, Comedy",6.1,42,5028,936662225
733,"Love, Simon",2018,"Comedy, Drama, Romance",7.6,72,77698,936662225
734,Truth or Dare,2018,"Horror, Thriller",5.1,35,31284,936662225
735,Duplicity,2009,"Comedy, Crime, Romance",6.2,69,45076,936662225
736,Ghost in the Shell,2017,"Action, Drama, Sci-Fi",6.4,52,172666,936662225
737,Paddington 2,2017,"Adventure, Comedy, Family",7.9,88,44429,936662225
738,Hanna,2011,"Action, Drama, Thriller",6.8,65,176734,936662225
739,Legion,2010,"Action, Fantasy, Horror",5.2,32,91376,936662225
740,Allied,2016,"Action, Drama, Romance",7.1,60,123371,936662225
741,A Haunted House,2013,"Comedy, Fantasy",5.1,20,39897,936662225
742,Crazy Heart,2009,"Drama, Music, Romance",7.3,83,78916,936662225
743,Burlesque,2010,"Drama, Music, Musical",6.4,47,70308,936662225
744,The Expendables 3,2014,"Action, Adventure, Thriller",6.1,35,154613,936662225
745,Second Act,2018,"Comedy, Drama, Romance",5.8,46,9100,936662225
746,King Arthur: Legend of the Sword,2017,"Action, Adventure, Drama",6.8,41,165058,936662225
747,The Crazies,2010,"Horror, Thriller",6.5,55,103675,936662225
748,Something Borrowed,2011,"Comedy, Drama, Romance",5.9,36,53927,936662225
749,Earth to Echo,2014,"Adventure, Family, Sci-Fi",5.8,53,17514,936662225
750,Surrogates,2009,"Action, Sci-Fi, Thriller",6.3,45,162665,936662225
751,Nerve,2016,"Action, Adventure, Crime",6.6,58,101043,936662225
752,Sex Tape,2014,"Comedy, Romance",5.1,36,99583,936662225
753,Spy Kids 4: All the Time in the World,2011,"Action, Adventure, Comedy",3.5,37,19642,936662225
754,Rock of Ages,2012,"Comedy, Drama, Musical",5.9,47,69440,936662225
755,47 Ronin,2013,"Action, Adventure, Drama",6.3,28,134309,936662225
756,Brooklyn,2015,"Drama, Romance",7.5,88,115620,936662225
757,Scream 4,2011,"Horror, Mystery",6.2,52,117847,936662225
758,Ninja Assassin,2009,"Action, Thriller",6.4,34,64174,936662225
759,Jigsaw,2017,"Crime, Horror, Mystery",5.8,39,55633,936662225
760,"Big Mommas: Like Father, Like Son",2011,"Action, Comedy, Crime",4.4,22,23288,936662225
761,Wild,2014,"Adventure, Biography, Drama",7.1,76,109103,936662225
762,August: Osage County,2013,Drama,7.2,58,78869,936662225
763,For Colored Girls,2010,Drama,6.1,50,6681,936662225
764,Philomena,2013,"Biography, Comedy, Drama",7.6,77,88134,936662225
765,Red Riding Hood,2011,"Fantasy, Horror, Mystery",5.5,29,101720,936662225
766,In Time,2011,"Action, Crime, Drama",6.7,53,343404,936662225
767,Abraham Lincoln: Vampire Hunter,2012,"Action, Fantasy, Horror",5.9,42,141983,936662225
768,Invictus,2009,"Biography, Drama, History",7.3,74,139937,936662225
769,The Back-up Plan,2010,"Comedy, Romance",5.4,34,45780,936662225
770,The Longest Ride,2015,"Drama, Romance",7.1,33,69477,936662225
771,Paul,2011,"Animation, Adventure, Comedy",7,57,218640,936662225
772,Lawless,2012,"Crime, Drama",7.3,58,212575,936662225
773,J. Edgar,2011,"Biography, Crime, Drama",6.6,59,115162,936662225
774,The Roommate,2011,"Drama, Thriller",4.9,23,32744,936662225
775,Jumping the Broom,2011,"Comedy, Drama",5.7,56,8979,936662225
776,The Guilt Trip,2012,"Comedy, Drama",5.8,50,33537,936662225
777,The Change-Up,2011,"Comedy, Fantasy",6.3,39,154011,936662225
778,30 Minutes or Less,2011,"Action, Comedy, Crime",6.1,49,86625,936662225
779,State of Play,2009,"Crime, Drama, Mystery",7.1,64,126203,936662225
780,That's My Boy,2012,Comedy,5.6,31,82056,936662225
781,The Family,2013,"Comedy, Crime, Thriller",6.3,42,101843,936662225
782,Risen,2016,"Action, Adventure, Drama",6.3,51,22194,936662225
783,Notorious,2009,"Biography, Crime, Drama",6.7,60,37847,936662225
784,Colombiana,2011,"Action, Drama, Thriller",6.4,45,86906,936662225
785,Vampires Suck,2010,Comedy,3.4,18,43667,936662225
786,Million Dollar Arm,2014,"Biography, Drama, Sport",7,56,40728,936662225
787,Sucker Punch,2011,"Action, Fantasy",6.1,33,217133,936662225
788,The Commuter,2018,"Action, Mystery, Thriller",6.3,56,79581,936662225
789,The Nice Guys,2016,"Action, Comedy, Crime",7.4,70,235700,936662225
790,The 15:17 to Paris,2018,"Biography, Drama",5.2,45,20794,936662225
791,American Assassin,2017,"Action, Thriller",6.2,45,56541,936662225
792,Mile 22,2018,"Action, Adventure, Thriller",6.1,38,43984,936662225
793,Walking with Dinosaurs 3D,2013,"Animation, Adventure, Family",5.2,37,10049,936662225
794,The Pink Panther 2,2009,"Action, Adventure, Comedy",5.6,36,38763,936662225
795,The Theory of Everything,2014,"Biography, Drama, Romance",7.7,72,356090,936662225
796,Alpha,2018,"Adventure, Drama, Family",6.7,63,37792,936662225
797,The Boy,2016,"Horror, Mystery, Thriller",6,42,67744,936662225
798,Trouble with the Curve,2012,"Drama, Sport",6.8,58,55587,936662225
799,Larry Crowne,2011,"Comedy, Drama, Romance",6.1,41,58369,936662225
800,The American,2010,"Crime, Drama, Thriller",6.3,61,86407,936662225
801,Dirty Grandpa,2016,Comedy,5.9,21,99584,936662225
802,Peppermint,2018,"Action, Crime, Drama",6.5,29,32121,936662225
803,The Boy Next Door,2015,"Drama, Horror, Romance",4.7,30,34428,936662225
804,The Watch,2012,"Action, Comedy, Horror",5.7,36,115135,936662225
805,Frankenweenie,2012,"Animation, Comedy, Family",7,74,88465,936662225
806,Carrie,2013,"Drama, Horror",5.9,53,124249,936662225
807,Pan,2015,"Adventure, Comedy, Family",5.8,36,55360,936662225
808,Step Up Revolution,2012,"Drama, Music, Romance",6.5,43,50940,936662225
809,Drive,2011,"Crime, Drama",7.8,78,516509,936662225
810,Green Zone,2010,"Action, Drama, Thriller",6.8,63,121542,936662225
811,A Very Harold & Kumar 3D Christmas,2011,"Adventure, Comedy",6.3,61,61810,936662225
812,Good Deeds,2012,"Comedy, Drama, Romance",5.5,43,6991,936662225
813,50/50,2011,"Comedy, Drama, Romance",7.7,72,298589,936662225
814,The 5th Wave,2016,"Action, Adventure, Drama",5.2,33,89589,936662225
815,Ouija: Origin of Evil,2016,"Drama, Horror, Mystery",6.1,65,46232,936662225
816,Viy,2014,"Adventure, Fantasy, Mystery",5.3,?,4301,936662225
817,Concussion,2015,"Biography, Drama, Sport",7.1,55,76534,936662225
818,Courageous,2011,Drama,7.1,42,17413,936662225
819,Hot Pursuit,2015,"Action, Comedy, Crime",5.1,31,44341,936662225
820,The Foreigner,2017,"Action, Thriller",7,55,79352,936662225
821,Inferno,2016,"Action, Adventure, Crime",6.2,42,136438,936662225
822,Texas Chainsaw 3D,2013,"Horror, Thriller",4.8,?,41296,936662225
823,This Is Where I Leave You,2014,"Comedy, Drama",6.6,44,64666,936662225
824,The Favourite,2018,"Biography, Comedy, Drama",7.7,90,98273,936662225
825,The Duff,2015,"Comedy, Romance",6.5,56,72979,936662225
826,Death Wish,2018,"Action, Crime, Drama",6.4,31,47224,936662225
827,"Everything, Everything",2017,"Drama, Romance",6.4,52,25769,936662225
828,All About Steve,2009,"Comedy, Romance",4.8,17,37338,936662225
829,Wind River,2017,"Crime, Drama, Mystery",7.7,73,164033,936662225
830,Geostorm,2017,"Action, Sci-Fi, Thriller",5.3,21,76187,936662225
831,Marmaduke,2010,"Comedy, Family",4.2,30,13177,936662225
832,The Gambler,2014,"Crime, Drama, Thriller",6,55,59364,936662225
833,R.I.P.D.,2013,"Action, Adventure, Comedy",5.6,25,108100,936662225
834,Devil,2010,"Horror, Mystery, Thriller",6.2,44,121172,936662225
835,The Spy Who Dumped Me,2018,"Action, Adventure, Comedy",6,52,43325,936662225
836,Blue Jasmine,2013,Drama,7.3,78,178018,936662225
837,Halloween II,2009,Horror,4.9,35,44133,936662225
838,Monster Trucks,2016,"Action, Adventure, Comedy",5.7,41,13282,936662225
839,The Informant!,2009,"Biography, Comedy, Crime",6.5,66,59684,936662225
840,Woman in Gold,2015,"Biography, Drama, History",7.3,51,47912,936662225
841,The Second Best Exotic Marigold Hotel,2015,"Comedy, Drama",6.6,51,28639,936662225
842,The Rite,2011,"Drama, Horror, Mystery",6,38,84977,936662225
843,Arthur,2011,"Comedy, Romance",5.7,36,48671,936662225
844,Hereafter,2010,"Drama, Fantasy, Romance",6.5,56,86885,936662225
845,Annihilation,2018,"Adventure, Drama, Horror",6.9,79,218782,936662225
846,The Last House on the Left,2009,"Horror, Thriller",6.6,42,78700,936662225
847,When in Rome,2010,"Comedy, Romance",5.6,25,57032,936662225
848,Unfriended,2014,"Drama, Horror, Mystery",5.6,59,61145,936662225
849,Mother's Day,2016,"Comedy, Drama, Romance",5.7,18,28137,936662225
850,Paranormal Activity: The Marked Ones,2014,"Horror, Mystery, Thriller",5,42,36802,936662225
851,The Men Who Stare at Goats,2009,"Comedy, War",6.2,54,120629,936662225
852,(500) Days of Summer,2009,"Comedy, Drama, Romance",7.7,76,437163,936662225
853,Nightcrawler,2014,"Crime, Drama, Thriller",7.9,76,398398,936662225
854,Love & Other Drugs,2010,"Comedy, Drama, Romance",6.7,55,166086,936662225
855,Entourage,2015,Comedy,6.6,38,71013,936662225
856,Fist Fight,2017,Comedy,5.6,37,34304,936662225
857,Side Effects,2013,"Crime, Drama, Mystery",7.1,75,167425,936662225
858,How to Be a Latin Lover,2017,"Comedy, Drama",5.9,54,11404,936662225
859,Scary Movie 5,2013,Comedy,3.5,11,59394,936662225
860,Isle of Dogs,2018,"Animation, Adventure, Comedy",7.9,82,102017,936662225
861,Paper Towns,2015,"Comedy, Drama, Mystery",6.3,56,86745,936662225
862,Patriots Day,2016,"Action, Crime, Drama",7.4,69,74673,936662225
863,Extremely Loud & Incredibly Close,2011,"Adventure, Drama, Mystery",6.9,46,92647,936662225
864,Push,2009,"Action, Sci-Fi, Thriller",6.1,36,99926,936662225
865,9,2009,"Animation, Action, Adventure",7.1,60,124950,936662225
866,Nobody's Fool,2018,"Comedy, Drama, Romance",4.5,39,3037,936662225
867,The Soloist,2009,"Biography, Drama, Music",6.7,61,48481,936662225
868,House at the End of the Street,2012,"Drama, Horror, Thriller",5.6,31,65908,936662225
869,She's Out of My League,2010,"Comedy, Romance",6.4,46,116275,936662225
870,Chappie,2015,"Action, Crime, Drama",6.8,41,211705,936662225
871,Scott Pilgrim vs. the World,2010,"Action, Comedy, Fantasy",7.5,69,334944,936662225
872,Adrift,2018,"Action, Adventure, Biography",6.6,56,31437,936662225
873,The Debt,2010,"Drama, Thriller",6.9,65,60687,936662225
874,The Mortal Instruments: City of Bones,2013,"Action, Fantasy, Horror",5.9,33,120939,936662225
875,Charlie St. Cloud,2010,"Drama, Fantasy, Romance",6.5,37,54508,936662225
876,Gods of Egypt,2016,"Action, Adventure, Fantasy",5.4,25,93553,936662225
877,Crimson Peak,2015,"Drama, Fantasy, Horror",6.5,66,117955,936662225
878,The Pirates! Band of Misfits,2012,"Animation, Adventure, Comedy",6.7,?,41626,936662225
879,Morning Glory,2010,"Comedy, Drama, Romance",6.5,57,66606,936662225
880,Collateral Beauty,2016,"Drama, Romance",6.8,23,77273,936662225
881,Joyful Noise,2012,"Comedy, Drama, Music",5.7,44,7528,936662225
882,Robin Hood,2018,"Action, Adventure, Thriller",5.3,32,34771,936662225
883,Kidnap,2017,"Crime, Drama, Thriller",5.9,44,28246,936662225
884,Dragon Ball Super: Broly,2018,"Animation, Action, Adventure",8.1,59,14423,936662225
885,3 Days to Kill,2014,"Action, Drama, Thriller",6.2,40,80973,936662225
886,Delivery Man,2013,"Comedy, Drama",6.4,44,70152,936662225
887,Chef,2014,"Adventure, Comedy, Drama",7.3,68,171348,936662225
888,Super Troopers 2,2018,"Comedy, Crime, Mystery",6.1,41,18779,936662225
889,Deliver Us from Evil,2014,"Horror, Mystery, Thriller",6.2,40,63274,936662225
890,Holmes & Watson,2018,"Adventure, Comedy, Crime",3.6,24,11389,936662225
891,Slender Man,2018,"Horror, Mystery, Thriller",3.2,30,17453,936662225
892,The Sitter,2011,Comedy,5.7,39,65323,936662225
893,Get on Up,2014,"Biography, Drama, Music",6.9,71,18859,936662225
894,The Mountain Between Us,2017,"Action, Adventure, Drama",6.4,48,55561,936662225
895,Underworld: Blood Wars,2016,"Action, Adventure, Fantasy",5.8,23,61915,936662225
896,Life,2017,"Horror, Sci-Fi, Thriller",6.6,54,178775,936662225
897,How Do You Know,2010,"Comedy, Drama, Romance",5.4,46,40664,936662225
898,When the Game Stands Tall,2014,"Drama, Family, Sport",6.7,41,14407,936662225
899,Daybreakers,2009,"Action, Fantasy, Horror",6.5,57,116025,936662225
900,"Hail, Caesar!",2016,"Comedy, Drama, Music",6.3,72,110027,936662225
901,The Iron Lady,2011,"Biography, Drama",6.4,54,95386,936662225
902,"I, Tonya",2017,"Biography, Comedy, Drama",7.5,77,136232,936662225
903,Hostiles,2017,"Adventure, Drama, Western",7.2,65,50533,936662225
904,Grudge Match,2013,"Comedy, Drama, Sport",6.4,35,53642,936662225
905,The Hate U Give,2018,"Crime, Drama",7.2,81,14937,936662225
906,When the Bough Breaks,2016,"Crime, Drama, Horror",5,28,4606,936662225
907,Did You Hear About the Morgans?,2009,"Comedy, Drama, Romance",4.8,27,34452,936662225
908,Teen Titans Go! To the Movies,2018,"Animation, Action, Comedy",6.8,69,11412,936662225
909,A Walk in the Woods,2015,"Adventure, Biography, Comedy",6.3,51,21771,936662225
910,Nanny McPhee Returns,2010,"Comedy, Family, Fantasy",6.1,52,24643,936662225
911,Priest,2011,"Action, Adventure, Fantasy",5.7,41,107507,936662225
912,The Mechanic,2011,"Action, Crime, Thriller",6.6,49,140142,936662225
913,The Stepfather,2009,"Crime, Thriller",5.6,33,27683,936662225
914,Zoolander 2,2016,Comedy,4.7,34,59309,936662225
915,The Five-Year Engagement,2012,"Comedy, Romance",6.2,62,87827,936662225
916,Draft Day,2014,"Drama, Sport",6.8,54,48149,936662225
917,Kick-Ass 2,2013,"Action, Comedy, Crime",6.6,41,235707,936662225
918,Point Break,2015,"Action, Crime, Sport",5.3,34,53180,936662225
919,Molly's Game,2017,"Biography, Crime, Drama",7.5,71,100494,936662225
920,The Uninvited,2009,"Drama, Horror, Mystery",6.4,43,71170,936662225
921,Brothers,2009,"Drama, War",7.1,58,102151,936662225
922,The Nut Job 2: Nutty by Nature,2017,"Animation, Action, Adventure",5.4,36,4673,936662225
923,Abduction,2011,"Action, Mystery, Thriller",5.1,25,71925,936662225
924,Beastly,2011,"Drama, Fantasy, Romance",5.6,40,72096,936662225
925,Moonlight,2016,Drama,7.4,99,222592,936662225
926,Logan Lucky,2017,"Comedy, Crime, Drama",7,78,103492,936662225
927,Rings,2017,"Drama, Horror, Mystery",4.5,25,33531,936662225
928,The Switch,2010,"Comedy, Drama, Romance",6.1,52,89925,936662225
929,Sinister 2,2015,"Horror, Mystery, Thriller",5.3,32,40836,936662225
930,Oculus,2013,"Horror, Mystery",6.5,61,105773,936662225
931,Saw VI,2009,"Horror, Mystery, Thriller",6,30,92368,936662225
932,The Finest Hours,2016,"Action, Drama, History",6.8,58,55353,936662225
933,Florence Foster Jenkins,2016,"Biography, Comedy, Drama",6.8,71,44316,936662225
934,The Last Witch Hunter,2015,"Action, Adventure, Fantasy",6,34,84846,936662225
935,Dallas Buyers Club,2013,"Biography, Drama",8,84,398727,936662225
936,No Escape,2015,"Action, Thriller",6.8,38,69416,936662225
937,Brooklyn's Finest,2009,"Crime, Drama, Thriller",6.7,43,57662,936662225
938,Cloud Atlas,2012,"Action, Drama, Mystery",7.4,55,324350,936662225
939,Home Again,2017,"Comedy, Drama, Romance",5.8,41,21970,936662225
940,Rush,2013,"Action, Biography, Drama",8.1,75,387558,936662225
941,Hell or High Water,2016,"Action, Crime, Drama",7.6,88,172398,936662225
942,Resident Evil: The Final Chapter,2016,"Action, Horror, Sci-Fi",5.6,49,73617,936662225
943,Ricki and the Flash,2015,"Comedy, Drama, Music",5.9,54,20734,936662225
944,The Best of Me,2014,"Drama, Romance",6.7,29,58872,936662225
945,Winnie the Pooh,2011,"Animation, Adventure, Comedy",7.2,74,19356,936662225
946,The Host,2013,"Action, Adventure, Drama",5.9,35,104873,936662225
947,Machete,2010,"Action, Crime, Thriller",6.6,60,181280,936662225
948,The Forest,2016,"Horror, Mystery, Thriller",4.8,34,36009,936662225
949,The Woman in Black 2: Angel of Death,2014,"Drama, Horror, Thriller",4.9,42,24352,936662225
950,Run All Night,2015,"Action, Crime, Drama",6.6,59,93226,936662225
951,One for the Money,2012,"Action, Comedy, Crime",5.3,22,38249,936662225
952,Ben-Hur,2016,"Action, Adventure, Drama",5.7,38,37271,936662225
953,A Walk Among the Tombstones,2014,"Action, Crime, Drama",6.5,57,104175,936662225
954,Love the Coopers,2015,"Comedy, Fantasy, Romance",5.8,31,17884,936662225
955,Ramona and Beezus,2010,"Adventure, Comedy, Family",6.6,56,15932,936662225
956,That Awkward Moment,2014,"Comedy, Romance",6.2,36,91343,936662225
957,Searching,2018,"Drama, Mystery, Thriller",7.7,71,87023,936662225
958,The World's End,2013,"Action, Comedy, Sci-Fi",7,81,230087,936662225
959,Leap Year,2010,"Comedy, Romance",6.5,33,85211,936662225
960,Alex Cross,2012,"Action, Crime, Mystery",5.1,30,30801,936662225
961,The Lazarus Effect,2015,"Horror, Mystery, Sci-Fi",5.2,31,37013,936662225
962,You Again,2010,"Comedy, Family, Romance",5.8,28,46398,936662225
963,21 & Over,2013,Comedy,5.9,34,68014,936662225
964,Dance Flick,2009,"Action, Comedy, Music",3.5,40,11061,936662225
965,Her,2013,"Drama, Romance, Sci-Fi",8,90,459531,936662225
966,The House,2017,"Comedy, Crime",5.6,30,31967,936662225
967,The Fourth Kind,2009,"Mystery, Sci-Fi, Thriller",5.9,34,69563,936662225
968,The International,2009,"Action, Crime, Drama",6.5,52,86344,936662225
969,Ex Machina,2014,"Drama, Mystery, Sci-Fi",7.7,78,417681,936662225
970,Boyhood,2014,Drama,7.9,100,313419,936662225
971,Top Five,2014,"Comedy, Romance",6.4,81,24622,936662225
972,Aliens in the Attic,2009,"Animation, Adventure, Comedy",5.4,42,19276,936662225
973,The VVitch: A New-England Folktale,2015,"Horror, Mystery",6.8,83,149922,936662225
974,Escape Plan,2013,"Action, Crime, Mystery",6.7,49,209763,936662225
975,Killer Elite,2011,"Action, Crime, Thriller",6.5,44,117095,936662225
976,All the Money in the World,2017,"Biography, Crime, Drama",6.8,72,58422,936662225
977,Winchester,2018,"Biography, Drama, Fantasy",5.4,28,23141,936662225
978,Alpha and Omega,2010,"Animation, Adventure, Comedy",5.3,36,12358,936662225
979,In the Heart of the Sea,2015,"Action, Adventure, Biography",6.9,47,107205,936662225
980,Piranha 3D,2010,"Comedy, Horror",5.4,53,80830,936662225
981,The November Man,2014,"Action, Crime, Thriller",6.3,38,58853,936662225
982,Season of the Witch,2011,"Action, Adventure, Fantasy",5.4,28,85074,936662225
983,Our Idiot Brother,2011,"Comedy, Drama",6.4,60,80376,936662225
984,Gifted,2017,Drama,7.6,60,80108,936662225
985,Lottery Ticket,2010,Comedy,5,50,9973,936662225
986,On the Basis of Sex,2018,"Biography, Drama",6.7,59,6629,936662225
987,Leap!,2016,"Animation, Adventure, Comedy",6.8,48,16176,936662225
988,Don Jon,2013,"Comedy, Drama, Romance",6.6,66,214690,936662225
989,Downsizing,2017,"Drama, Sci-Fi",5.7,63,72777,936662225
990,The Strangers: Prey at Night,2018,Horror,5.2,48,20687,936662225
991,Sparkle,2012,"Drama, Music",5.7,54,5613,936662225
992,The Spy Next Door,2010,"Action, Comedy, Family",5.5,27,36353,936662225
993,Bridget Jones's Baby,2016,"Comedy, Drama, Romance",6.5,59,59259,936662225
994,Tinker Tailor Soldier Spy,2011,"Drama, Mystery, Thriller",7.1,85,173652,936662225
995,Don't Be Afraid of the Dark,2010,"Fantasy, Horror, Thriller",5.6,56,44289,936662225
996,White Boy Rick,2018,"Crime, Drama",6.5,59,13400,936662225
997,Observe and Report,2009,"Comedy, Crime, Drama",5.8,54,56506,936662225
998,From Paris with Love,2010,"Action, Crime, Thriller",6.5,42,106519,936662225
999,The Losers,2010,"Action, Adventure, Crime",6.4,44,83091,936662225
